,xfmr_id,error
0,5010001.0,0.003447915717314084
1,5010002.0,0.003919508889111422
